  Revised: Sunday, June 25, 2023
          Revision: 







Design Name:  E:\STADY\EMBADDED_STADY\FPGA_PROJECT\DE0_NANO\WORK\GITHUB\SCHEMATIC\ALLWINNER_H3\ALLWINER_H3.DSN

Export Placement         November 18,2023      10:11:15,Page1

Item,Reference,Part,SchematicName,Sheet,Library,X,Y
____________________________________________________________________________

1,ANT1,U.FL-R-SMT-1(80),/02_A2_POWER/01_A3_Main_Block/03_A4_POWER_TREE/04_A2_CPU_1/05_A3_MicroSD/06_A3_USB2.0_Debug/07_A2_WI-FI,7,E:\STADY\EMBADDED_STADY\FPGA_PROJECT\DE0_NANO\WORK\GITHUB\SCHEMATIC\ALLWINNER_H3\LIB\LIB_H3.OLB, 514.25, 73.75
2,C1,10UF/16V,/02_A2_POWER,2,E:\STADY\EMBADDED_STADY\FPGA_PROJECT\DE0_NANO\WORK\GITHUB\SCHEMATIC\ALLWINER_H3\LIB\LIB_H3.OLB, 115.75, 61.50
3,C2,100NF/16V,/02_A2_POWER,2,E:\STADY\EMBADDED_STADY\FPGA_PROJECT\DE0_NANO\WORK\GITHUB\SCHEMATIC\ALLWINER_H3\LIB\LIB_H3.OLB, 145.25, 61.50
4,C3,10UF/10V,/02_A2_POWER,2,E:\STADY\EMBADDED_STADY\FPGA_PROJECT\DE0_NANO\WORK\GITHUB\SCHEMATIC\ALLWINER_H3\LIB\LIB_H3.OLB, 320.00, 64.00
5,C4,100NF/16V,/02_A2_POWER,2,E:\STADY\EMBADDED_STADY\FPGA_PROJECT\DE0_NANO\WORK\GITHUB\SCHEMATIC\ALLWINER_H3\LIB\LIB_H3.OLB, 347.00, 64.00
6,C5,22PF/50V,/02_A2_POWER,2,E:\STADY\EMBADDED_STADY\FPGA_PROJECT\DE0_NANO\WORK\GITHUB\SCHEMATIC\ALLWINER_H3\LIB\LIB_H3.OLB, 285.50, 81.25
7,C6,4.7UF/16V,/02_A2_POWER,2,E:\STADY\EMBADDED_STADY\FPGA_PROJECT\DE0_NANO\WORK\GITHUB\SCHEMATIC\ALLWINER_H3\LIB\LIB_H3.OLB, 115.75, 147.75
8,C7,100NF/16V,/02_A2_POWER,2,E:\STADY\EMBADDED_STADY\FPGA_PROJECT\DE0_NANO\WORK\GITHUB\SCHEMATIC\ALLWINER_H3\LIB\LIB_H3.OLB, 297.75, 155.00
9,C8,4.7UF/16V,/02_A2_POWER,2,E:\STADY\EMBADDED_STADY\FPGA_PROJECT\DE0_NANO\WORK\GITHUB\SCHEMATIC\ALLWINER_H3\LIB\LIB_H3.OLB, 327.25, 155.00
10,C9,DNP/10NF/16V,/02_A2_POWER,2,E:\STADY\EMBADDED_STADY\FPGA_PROJECT\DE0_NANO\WORK\GITHUB\SCHEMATIC\ALLWINER_H3\LIB\LIB_H3.OLB, 260.75, 155.00
11,C10,10UF/16V,/02_A2_POWER,2,E:\STADY\EMBADDED_STADY\FPGA_PROJECT\DE0_NANO\WORK\GITHUB\SCHEMATIC\ALLWINER_H3\LIB\LIB_H3.OLB, 61.50, 231.25
12,C11,100NF/16V,/02_A2_POWER,2,E:\STADY\EMBADDED_STADY\FPGA_PROJECT\DE0_NANO\WORK\GITHUB\SCHEMATIC\ALLWINER_H3\LIB\LIB_H3.OLB, 93.50, 231.25
13,C12,22UF/10V,/02_A2_POWER,2,E:\STADY\EMBADDED_STADY\FPGA_PROJECT\DE0_NANO\WORK\GITHUB\SCHEMATIC\ALLWINER_H3\LIB\LIB_H3.OLB, 29.50, 231.25
14,C13,100NF/16V,/02_A2_POWER,2,E:\STADY\EMBADDED_STADY\FPGA_PROJECT\DE0_NANO\WORK\GITHUB\SCHEMATIC\ALLWINER_H3\LIB\LIB_H3.OLB, 206.75, 206.75
15,C14,22UF/10V,/02_A2_POWER,2,E:\STADY\EMBADDED_STADY\FPGA_PROJECT\DE0_NANO\WORK\GITHUB\SCHEMATIC\ALLWINER_H3\LIB\LIB_H3.OLB, 307.50, 228.75
16,C15,10UF/16V,/02_A2_POWER,2,E:\STADY\EMBADDED_STADY\FPGA_PROJECT\DE0_NANO\WORK\GITHUB\SCHEMATIC\ALLWINER_H3\LIB\LIB_H3.OLB, 339.50, 228.75
17,C16,100NF/16V,/02_A2_POWER,2,E:\STADY\EMBADDED_STADY\FPGA_PROJECT\DE0_NANO\WORK\GITHUB\SCHEMATIC\ALLWINER_H3\LIB\LIB_H3.OLB, 374.00, 228.75
18,C17,10UF/16V,/02_A2_POWER,2,E:\STADY\EMBADDED_STADY\FPGA_PROJECT\DE0_NANO\WORK\GITHUB\SCHEMATIC\ALLWINER_H3\LIB\LIB_H3.OLB, 398.50, 108.25
19,C18,100NF/16V,/02_A2_POWER,2,E:\STADY\EMBADDED_STADY\FPGA_PROJECT\DE0_NANO\WORK\GITHUB\SCHEMATIC\ALLWINER_H3\LIB\LIB_H3.OLB, 472.50, 108.25
20,C19,10UF/16V,/02_A2_POWER,2,E:\STADY\EMBADDED_STADY\FPGA_PROJECT\DE0_NANO\WORK\GITHUB\SCHEMATIC\ALLWINER_H3\LIB\LIB_H3.OLB, 504.50, 108.25
21,C20,22PF/50V,/02_A2_POWER,2,E:\STADY\EMBADDED_STADY\FPGA_PROJECT\DE0_NANO\WORK\GITHUB\SCHEMATIC\ALLWINER_H3\LIB\LIB_H3.OLB, 246.00, 371.50
22,C21,22UF/10V,/02_A2_POWER,2,E:\STADY\EMBADDED_STADY\FPGA_PROJECT\DE0_NANO\WORK\GITHUB\SCHEMATIC\ALLWINER_H3\LIB\LIB_H3.OLB, 278.00, 349.50
23,C22,10UF/16V,/02_A2_POWER,2,E:\STADY\EMBADDED_STADY\FPGA_PROJECT\DE0_NANO\WORK\GITHUB\SCHEMATIC\ALLWINER_H3\LIB\LIB_H3.OLB, 305.00, 349.50
24,C23,100NF/16V,/02_A2_POWER,2,E:\STADY\EMBADDED_STADY\FPGA_PROJECT\DE0_NANO\WORK\GITHUB\SCHEMATIC\ALLWINER_H3\LIB\LIB_H3.OLB, 332.25, 349.50
25,C24,22UF/10V,/02_A2_POWER,2,E:\STADY\EMBADDED_STADY\FPGA_PROJECT\DE0_NANO\WORK\GITHUB\SCHEMATIC\ALLWINER_H3\LIB\LIB_H3.OLB, 22.25, 347.00
26,C25,10UF/16V,/02_A2_POWER,2,E:\STADY\EMBADDED_STADY\FPGA_PROJECT\DE0_NANO\WORK\GITHUB\SCHEMATIC\ALLWINER_H3\LIB\LIB_H3.OLB, 54.25, 347.00
27,C26,100NF/16V,/02_A2_POWER,2,E:\STADY\EMBADDED_STADY\FPGA_PROJECT\DE0_NANO\WORK\GITHUB\SCHEMATIC\ALLWINER_H3\LIB\LIB_H3.OLB, 83.75, 347.00
28,C27,4.7UF/16V,/02_A2_POWER,2,E:\STADY\EMBADDED_STADY\FPGA_PROJECT\DE0_NANO\WORK\GITHUB\SCHEMATIC\ALLWINER_H3\LIB\LIB_H3.OLB, 305.00, 292.75
29,C28,DNP/10NF/16V,/02_A2_POWER,2,E:\STADY\EMBADDED_STADY\FPGA_PROJECT\DE0_NANO\WORK\GITHUB\SCHEMATIC\ALLWINER_H3\LIB\LIB_H3.OLB, 450.25, 300.25
30,C29,100NF/16V,/02_A2_POWER,2,E:\STADY\EMBADDED_STADY\FPGA_PROJECT\DE0_NANO\WORK\GITHUB\SCHEMATIC\ALLWINER_H3\LIB\LIB_H3.OLB, 482.25, 300.25
31,C30,4.7UF/16V,/02_A2_POWER,2,E:\STADY\EMBADDED_STADY\FPGA_PROJECT\DE0_NANO\WORK\GITHUB\SCHEMATIC\ALLWINER_H3\LIB\LIB_H3.OLB, 516.75, 300.25
32,C31,100NF/16V,/02_A2_POWER/01_A3_Main_Block/03_A4_POWER_TREE/04_A2_CPU_1,4,E:\STADY\EMBADDED_STADY\FPGA_PROJECT\DE0_NANO\WORK\GITHUB\SCHEMATIC\ALLWINER_H3\LIB\LIB_H3.OLB, 347.00, 349.50
33,C32,100NF/16V,/02_A2_POWER/01_A3_Main_Block/03_A4_POWER_TREE/04_A2_CPU_1,4,E:\STADY\EMBADDED_STADY\FPGA_PROJECT\DE0_NANO\WORK\GITHUB\SCHEMATIC\ALLWINER_H3\LIB\LIB_H3.OLB, 413.50, 241.25
34,C33,100NF/16V,/02_A2_POWER/01_A3_Main_Block/03_A4_POWER_TREE/04_A2_CPU_1,4,E:\STADY\EMBADDED_STADY\FPGA_PROJECT\DE0_NANO\WORK\GITHUB\SCHEMATIC\ALLWINER_H3\LIB\LIB_H3.OLB, 29.50, 258.25
35,C34,100NF/16V,/02_A2_POWER/01_A3_Main_Block/03_A4_POWER_TREE/04_A2_CPU_1,4,E:\STADY\EMBADDED_STADY\FPGA_PROJECT\DE0_NANO\WORK\GITHUB\SCHEMATIC\ALLWINER_H3\LIB\LIB_H3.OLB, 29.50, 290.25
36,C35,100NF/16V,/02_A2_POWER/01_A3_Main_Block/03_A4_POWER_TREE/04_A2_CPU_1,4,E:\STADY\EMBADDED_STADY\FPGA_PROJECT\DE0_NANO\WORK\GITHUB\SCHEMATIC\ALLWINER_H3\LIB\LIB_H3.OLB, 132.75, 379.00
37,C36,100NF/16V,/02_A2_POWER/01_A3_Main_Block/03_A4_POWER_TREE/04_A2_CPU_1,4,E:\STADY\EMBADDED_STADY\FPGA_PROJECT\DE0_NANO\WORK\GITHUB\SCHEMATIC\ALLWINER_H3\LIB\LIB_H3.OLB, 96.00, 379.00
38,C37,100NF/16V,/02_A2_POWER/01_A3_Main_Block/03_A4_POWER_TREE/04_A2_CPU_1,4,E:\STADY\EMBADDED_STADY\FPGA_PROJECT\DE0_NANO\WORK\GITHUB\SCHEMATIC\ALLWINER_H3\LIB\LIB_H3.OLB, 383.75, 347.00
39,C38,10UF/16V,/02_A2_POWER/01_A3_Main_Block/03_A4_POWER_TREE/04_A2_CPU_1,4,E:\STADY\EMBADDED_STADY\FPGA_PROJECT\DE0_NANO\WORK\GITHUB\SCHEMATIC\ALLWINER_H3\LIB\LIB_H3.OLB, 415.75, 347.00
40,C39,100NF/16V,/02_A2_POWER/01_A3_Main_Block/03_A4_POWER_TREE/04_A2_CPU_1,4,E:\STADY\EMBADDED_STADY\FPGA_PROJECT\DE0_NANO\WORK\GITHUB\SCHEMATIC\ALLWINER_H3\LIB\LIB_H3.OLB, 428.25, 290.25
41,C40,10UF/16V,/02_A2_POWER/01_A3_Main_Block/03_A4_POWER_TREE/04_A2_CPU_1,4,E:\STADY\EMBADDED_STADY\FPGA_PROJECT\DE0_NANO\WORK\GITHUB\SCHEMATIC\ALLWINER_H3\LIB\LIB_H3.OLB, 460.25, 290.25
42,C41,100NF/16V,/02_A2_POWER/01_A3_Main_Block/03_A4_POWER_TREE/04_A2_CPU_1,4,E:\STADY\EMBADDED_STADY\FPGA_PROJECT\DE0_NANO\WORK\GITHUB\SCHEMATIC\ALLWINER_H3\LIB\LIB_H3.OLB, 492.25, 290.25
43,C42,10UF/16V,/02_A2_POWER/01_A3_Main_Block/03_A4_POWER_TREE/04_A2_CPU_1,4,E:\STADY\EMBADDED_STADY\FPGA_PROJECT\DE0_NANO\WORK\GITHUB\SCHEMATIC\ALLWINER_H3\LIB\LIB_H3.OLB, 524.00, 290.25
44,C43,4.7UF/16V,/02_A2_POWER/01_A3_Main_Block/03_A4_POWER_TREE/04_A2_CPU_1,4,E:\STADY\EMBADDED_STADY\FPGA_PROJECT\DE0_NANO\WORK\GITHUB\SCHEMATIC\ALLWINER_H3\LIB\LIB_H3.OLB, 477.25, 214.00
45,C44,1U/16V,/02_A2_POWER/01_A3_Main_Block/03_A4_POWER_TREE/04_A2_CPU_1,4,E:\STADY\EMBADDED_STADY\FPGA_PROJECT\DE0_NANO\WORK\GITHUB\SCHEMATIC\ALLWINNER_H3\LIB\LIB_H3.OLB, 541.25, 214.00
46,C45,1U/16V,/02_A2_POWER/01_A3_Main_Block/03_A4_POWER_TREE/04_A2_CPU_1/05_A3_MicroSD,5,E:\STADY\EMBADDED_STADY\FPGA_PROJECT\DE0_NANO\WORK\GITHUB\SCHEMATIC\ALLWINNER_H3\LIB\LIB_H3.OLB, 93.50, 64.00
47,C46,100NF/16V,/02_A2_POWER/01_A3_Main_Block/03_A4_POWER_TREE/04_A2_CPU_1/05_A3_MicroSD/06_A3_USB2.0_Debug,6,E:\STADY\EMBADDED_STADY\FPGA_PROJECT\DE0_NANO\WORK\GITHUB\SCHEMATIC\ALLWINER_H3\LIB\LIB_H3.OLB, 315.00, 184.50
48,C47,1000P/100V,/02_A2_POWER/01_A3_Main_Block/03_A4_POWER_TREE/04_A2_CPU_1/05_A3_MicroSD/06_A3_USB2.0_Debug,6,E:\STADY\EMBADDED_STADY\FPGA_PROJECT\DE0_NANO\WORK\GITHUB\SCHEMATIC\ALLWINNER_H3\LIB\LIB_H3.OLB, 347.00, 184.50
49,C48,100NF/16V,/02_A2_POWER/01_A3_Main_Block/03_A4_POWER_TREE/04_A2_CPU_1/05_A3_MicroSD/06_A3_USB2.0_Debug,6,E:\STADY\EMBADDED_STADY\FPGA_PROJECT\DE0_NANO\WORK\GITHUB\SCHEMATIC\ALLWINER_H3\LIB\LIB_H3.OLB, 329.75, 64.00
50,C49,100NF/16V,/02_A2_POWER/01_A3_Main_Block/03_A4_POWER_TREE/04_A2_CPU_1/05_A3_MicroSD/06_A3_USB2.0_Debug,6,E:\STADY\EMBADDED_STADY\FPGA_PROJECT\DE0_NANO\WORK\GITHUB\SCHEMATIC\ALLWINER_H3\LIB\LIB_H3.OLB, 366.75, 64.00
51,C50,100NF/16V,/02_A2_POWER/01_A3_Main_Block/03_A4_POWER_TREE/04_A2_CPU_1/05_A3_MicroSD/06_A3_USB2.0_Debug,6,E:\STADY\EMBADDED_STADY\FPGA_PROJECT\DE0_NANO\WORK\GITHUB\SCHEMATIC\ALLWINER_H3\LIB\LIB_H3.OLB, 96.00, 56.50
52,C51,100NF/16V,/02_A2_POWER/01_A3_Main_Block/03_A4_POWER_TREE/04_A2_CPU_1/05_A3_MicroSD/06_A3_USB2.0_Debug,6,E:\STADY\EMBADDED_STADY\FPGA_PROJECT\DE0_NANO\WORK\GITHUB\SCHEMATIC\ALLWINER_H3\LIB\LIB_H3.OLB, 150.00, 44.25
53,C52,5.6p/NC,/02_A2_POWER/01_A3_Main_Block/03_A4_POWER_TREE/04_A2_CPU_1/05_A3_MicroSD/06_A3_USB2.0_Debug/07_A2_WI-FI,7,E:\STADY\EMBADDED_STADY\FPGA_PROJECT\DE0_NANO\WORK\GITHUB\SCHEMATIC\ALLWINNER_H3\LIB\LIB_H3.OLB, 120.50, 130.50
54,C53,10UF/16V,/02_A2_POWER/01_A3_Main_Block/03_A4_POWER_TREE/04_A2_CPU_1/05_A3_MicroSD/06_A3_USB2.0_Debug/07_A2_WI-FI,7,E:\STADY\EMBADDED_STADY\FPGA_PROJECT\DE0_NANO\WORK\GITHUB\SCHEMATIC\ALLWINER_H3\LIB\LIB_H3.OLB, 27.00, 320.00
55,C54,100NF/16V,/02_A2_POWER/01_A3_Main_Block/03_A4_POWER_TREE/04_A2_CPU_1/05_A3_MicroSD/06_A3_USB2.0_Debug/07_A2_WI-FI,7,E:\STADY\EMBADDED_STADY\FPGA_PROJECT\DE0_NANO\WORK\GITHUB\SCHEMATIC\ALLWINER_H3\LIB\LIB_H3.OLB, 56.50, 320.00
56,C55,22PF/50V,/02_A2_POWER/01_A3_Main_Block/03_A4_POWER_TREE/04_A2_CPU_1/05_A3_MicroSD/06_A3_USB2.0_Debug/07_A2_WI-FI,7,E:\STADY\EMBADDED_STADY\FPGA_PROJECT\DE0_NANO\WORK\GITHUB\SCHEMATIC\ALLWINER_H3\LIB\LIB_H3.OLB, 214.00, 337.00
57,C56,10UF/10V,/02_A2_POWER/01_A3_Main_Block/03_A4_POWER_TREE/04_A2_CPU_1/05_A3_MicroSD/06_A3_USB2.0_Debug/07_A2_WI-FI,7,E:\STADY\EMBADDED_STADY\FPGA_PROJECT\DE0_NANO\WORK\GITHUB\SCHEMATIC\ALLWINER_H3\LIB\LIB_H3.OLB, 253.50, 327.25
58,C57,100NF/16V,/02_A2_POWER/01_A3_Main_Block/03_A4_POWER_TREE/04_A2_CPU_1/05_A3_MicroSD/06_A3_USB2.0_Debug/07_A2_WI-FI,7,E:\STADY\EMBADDED_STADY\FPGA_PROJECT\DE0_NANO\WORK\GITHUB\SCHEMATIC\ALLWINER_H3\LIB\LIB_H3.OLB, 280.50, 327.25
59,C58,10UF/10V,/02_A2_POWER/01_A3_Main_Block/03_A4_POWER_TREE/04_A2_CPU_1/05_A3_MicroSD/06_A3_USB2.0_Debug/07_A2_WI-FI,7,E:\STADY\EMBADDED_STADY\FPGA_PROJECT\DE0_NANO\WORK\GITHUB\SCHEMATIC\ALLWINER_H3\LIB\LIB_H3.OLB, 150.00, 39.25
60,C59,100NF/16V,/02_A2_POWER/01_A3_Main_Block/03_A4_POWER_TREE/04_A2_CPU_1/05_A3_MicroSD/06_A3_USB2.0_Debug/07_A2_WI-FI,7,E:\STADY\EMBADDED_STADY\FPGA_PROJECT\DE0_NANO\WORK\GITHUB\SCHEMATIC\ALLWINER_H3\LIB\LIB_H3.OLB, 174.75, 39.25
61,C60,4.7UF/16V,/02_A2_POWER/01_A3_Main_Block/03_A4_POWER_TREE/04_A2_CPU_1/05_A3_MicroSD/06_A3_USB2.0_Debug/07_A2_WI-FI,7,E:\STADY\EMBADDED_STADY\FPGA_PROJECT\DE0_NANO\WORK\GITHUB\SCHEMATIC\ALLWINER_H3\LIB\LIB_H3.OLB, 312.50, 332.25
62,C61,4.7UF/16V,/02_A2_POWER/01_A3_Main_Block/03_A4_POWER_TREE/04_A2_CPU_1/05_A3_MicroSD/06_A3_USB2.0_Debug/07_A2_WI-FI,7,E:\STADY\EMBADDED_STADY\FPGA_PROJECT\DE0_NANO\WORK\GITHUB\SCHEMATIC\ALLWINER_H3\LIB\LIB_H3.OLB, 524.00, 329.75
63,C62,1U/16V,/02_A2_POWER/01_A3_Main_Block/03_A4_POWER_TREE/04_A2_CPU_1/05_A3_MicroSD/06_A3_USB2.0_Debug/07_A2_WI-FI,7,E:\STADY\EMBADDED_STADY\FPGA_PROJECT\DE0_NANO\WORK\GITHUB\SCHEMATIC\ALLWINNER_H3\LIB\LIB_H3.OLB, 489.75, 329.75
64,C63,0.47U/25V,/02_A2_POWER/01_A3_Main_Block/03_A4_POWER_TREE/04_A2_CPU_1/05_A3_MicroSD/06_A3_USB2.0_Debug/07_A2_WI-FI,7,E:\STADY\EMBADDED_STADY\FPGA_PROJECT\DE0_NANO\WORK\GITHUB\SCHEMATIC\ALLWINNER_H3\LIB\LIB_H3.OLB, 256.00, 167.25
65,C64,22P/NC,/02_A2_POWER/01_A3_Main_Block/03_A4_POWER_TREE/04_A2_CPU_1/05_A3_MicroSD/06_A3_USB2.0_Debug/07_A2_WI-FI,7,E:\STADY\EMBADDED_STADY\FPGA_PROJECT\DE0_NANO\WORK\GITHUB\SCHEMATIC\ALLWINNER_H3\LIB\LIB_H3.OLB, 433.00, 278.00
66,C65,22P/NC,/02_A2_POWER/01_A3_Main_Block/03_A4_POWER_TREE/04_A2_CPU_1/05_A3_MicroSD/06_A3_USB2.0_Debug/07_A2_WI-FI,7,E:\STADY\EMBADDED_STADY\FPGA_PROJECT\DE0_NANO\WORK\GITHUB\SCHEMATIC\ALLWINNER_H3\LIB\LIB_H3.OLB, 342.00, 278.00
67,C66,5.6P/50V,/02_A2_POWER/01_A3_Main_Block/03_A4_POWER_TREE/04_A2_CPU_1/05_A3_MicroSD/06_A3_USB2.0_Debug/07_A2_WI-FI,7,E:\STADY\EMBADDED_STADY\FPGA_PROJECT\DE0_NANO\WORK\GITHUB\SCHEMATIC\ALLWINNER_H3\LIB\LIB_H3.OLB, 420.75, 228.75
68,C67,5.6P/50V,/02_A2_POWER/01_A3_Main_Block/03_A4_POWER_TREE/04_A2_CPU_1/05_A3_MicroSD/06_A3_USB2.0_Debug/07_A2_WI-FI,7,E:\STADY\EMBADDED_STADY\FPGA_PROJECT\DE0_NANO\WORK\GITHUB\SCHEMATIC\ALLWINNER_H3\LIB\LIB_H3.OLB, 438.00, 246.00
69,C68,22PF/50V,/02_A2_POWER/01_A3_Main_Block/03_A4_POWER_TREE/04_A2_CPU_1/05_A3_MicroSD/06_A3_USB2.0_Debug/07_A2_WI-FI,7,E:\STADY\EMBADDED_STADY\FPGA_PROJECT\DE0_NANO\WORK\GITHUB\SCHEMATIC\ALLWINER_H3\LIB\LIB_H3.OLB, 452.75, 164.75
70,C69,4.7UF/16V,/02_A2_POWER/01_A3_Main_Block/03_A4_POWER_TREE/04_A2_CPU_1/05_A3_MicroSD/06_A3_USB2.0_Debug/07_A2_WI-FI,7,E:\STADY\EMBADDED_STADY\FPGA_PROJECT\DE0_NANO\WORK\GITHUB\SCHEMATIC\ALLWINER_H3\LIB\LIB_H3.OLB, 423.25, 164.75
71,C70,4.7UF/16V,/02_A2_POWER/01_A3_Main_Block/03_A4_POWER_TREE/04_A2_CPU_1/05_A3_MicroSD/06_A3_USB2.0_Debug/07_A2_WI-FI,7,E:\STADY\EMBADDED_STADY\FPGA_PROJECT\DE0_NANO\WORK\GITHUB\SCHEMATIC\ALLWINER_H3\LIB\LIB_H3.OLB, 482.25, 164.75
72,C71,4.7UF/16V,/02_A2_POWER/01_A3_Main_Block/03_A4_POWER_TREE/04_A2_CPU_1/05_A3_MicroSD/06_A3_USB2.0_Debug/07_A2_WI-FI,7,E:\STADY\EMBADDED_STADY\FPGA_PROJECT\DE0_NANO\WORK\GITHUB\SCHEMATIC\ALLWINER_H3\LIB\LIB_H3.OLB, 511.75, 164.75
73,C72,1U/16V,/02_A2_POWER/01_A3_Main_Block/03_A4_POWER_TREE/04_A2_CPU_1/05_A3_MicroSD/06_A3_USB2.0_Debug/07_A2_WI-FI,7,E:\STADY\EMBADDED_STADY\FPGA_PROJECT\DE0_NANO\WORK\GITHUB\SCHEMATIC\ALLWINNER_H3\LIB\LIB_H3.OLB, 398.50, 147.75
74,C73,1U/16V,/02_A2_POWER/01_A3_Main_Block/03_A4_POWER_TREE/04_A2_CPU_1/05_A3_MicroSD/06_A3_USB2.0_Debug/07_A2_WI-FI,7,E:\STADY\EMBADDED_STADY\FPGA_PROJECT\DE0_NANO\WORK\GITHUB\SCHEMATIC\ALLWINNER_H3\LIB\LIB_H3.OLB, 398.50, 167.25
75,C74,22PF/50V,/02_A2_POWER/01_A3_Main_Block/03_A4_POWER_TREE/04_A2_CPU_1/05_A3_MicroSD/06_A3_USB2.0_Debug/07_A2_WI-FI,7,E:\STADY\EMBADDED_STADY\FPGA_PROJECT\DE0_NANO\WORK\GITHUB\SCHEMATIC\ALLWINER_H3\LIB\LIB_H3.OLB, 386.25, 206.75
76,C75,1P/50V/NC,/02_A2_POWER/01_A3_Main_Block/03_A4_POWER_TREE/04_A2_CPU_1/05_A3_MicroSD/06_A3_USB2.0_Debug/07_A2_WI-FI,7,E:\STADY\EMBADDED_STADY\FPGA_PROJECT\DE0_NANO\WORK\GITHUB\SCHEMATIC\ALLWINNER_H3\LIB\LIB_H3.OLB, 398.50, 93.50
77,C76,1P/50V/NC,/02_A2_POWER/01_A3_Main_Block/03_A4_POWER_TREE/04_A2_CPU_1/05_A3_MicroSD/06_A3_USB2.0_Debug/07_A2_WI-FI,7,E:\STADY\EMBADDED_STADY\FPGA_PROJECT\DE0_NANO\WORK\GITHUB\SCHEMATIC\ALLWINNER_H3\LIB\LIB_H3.OLB, 467.50, 93.50
78,C77,100NF/16V,/02_A2_POWER/01_A3_Main_Block/03_A4_POWER_TREE/04_A2_CPU_1/05_A3_MicroSD/06_A3_USB2.0_Debug/07_A2_WI-FI/08_A3_MIC,8,E:\STADY\EMBADDED_STADY\FPGA_PROJECT\DE0_NANO\WORK\GITHUB\SCHEMATIC\ALLWINER_H3\LIB\LIB_H3.OLB, 196.75, 54.25
79,C78,100NF/16V,/02_A2_POWER/01_A3_Main_Block/03_A4_POWER_TREE/04_A2_CPU_1/05_A3_MicroSD/06_A3_USB2.0_Debug/07_A2_WI-FI/08_A3_MIC,8,E:\STADY\EMBADDED_STADY\FPGA_PROJECT\DE0_NANO\WORK\GITHUB\SCHEMATIC\ALLWINER_H3\LIB\LIB_H3.OLB, 196.75, 113.25
80,C79,100NF/16V,/02_A2_POWER/01_A3_Main_Block/03_A4_POWER_TREE/04_A2_CPU_1/05_A3_MicroSD/06_A3_USB2.0_Debug/07_A2_WI-FI/08_A3_MIC,8,E:\STADY\EMBADDED_STADY\FPGA_PROJECT\DE0_NANO\WORK\GITHUB\SCHEMATIC\ALLWINER_H3\LIB\LIB_H3.OLB, 278.00, 96.00
81,C80,100NF/16V,/02_A2_POWER/01_A3_Main_Block/03_A4_POWER_TREE/04_A2_CPU_1/05_A3_MicroSD/06_A3_USB2.0_Debug/07_A2_WI-FI/08_A3_MIC,8,E:\STADY\EMBADDED_STADY\FPGA_PROJECT\DE0_NANO\WORK\GITHUB\SCHEMATIC\ALLWINER_H3\LIB\LIB_H3.OLB, 278.00, 34.50
82,C81,100NF/16V,/02_A2_POWER/01_A3_Main_Block/03_A4_POWER_TREE/04_A2_CPU_1/05_A3_MicroSD/06_A3_USB2.0_Debug/07_A2_WI-FI/08_A3_MIC,8,E:\STADY\EMBADDED_STADY\FPGA_PROJECT\DE0_NANO\WORK\GITHUB\SCHEMATIC\ALLWINER_H3\LIB\LIB_H3.OLB, 278.00, 64.00
83,C82,100NF/16V,/02_A2_POWER/01_A3_Main_Block/03_A4_POWER_TREE/04_A2_CPU_1/05_A3_MicroSD/06_A3_USB2.0_Debug/07_A2_WI-FI/08_A3_MIC,8,E:\STADY\EMBADDED_STADY\FPGA_PROJECT\DE0_NANO\WORK\GITHUB\SCHEMATIC\ALLWINER_H3\LIB\LIB_H3.OLB, 278.00, 128.00
84,C83,15P/50V,/02_A2_POWER/01_A3_Main_Block/03_A4_POWER_TREE/04_A2_CPU_1/05_A3_MicroSD/06_A3_USB2.0_Debug/07_A2_WI-FI/08_A3_MIC,8,E:\STADY\EMBADDED_STADY\FPGA_PROJECT\DE0_NANO\WORK\GITHUB\SCHEMATIC\ALLWINNER_H3\LIB\LIB_H3.OLB, 238.75, 54.25
85,C84,15P/50V,/02_A2_POWER/01_A3_Main_Block/03_A4_POWER_TREE/04_A2_CPU_1/05_A3_MicroSD/06_A3_USB2.0_Debug/07_A2_WI-FI/08_A3_MIC,8,E:\STADY\EMBADDED_STADY\FPGA_PROJECT\DE0_NANO\WORK\GITHUB\SCHEMATIC\ALLWINNER_H3\LIB\LIB_H3.OLB, 238.75, 118.00
86,C85,4.7UF/16V,/02_A2_POWER/01_A3_Main_Block/03_A4_POWER_TREE/04_A2_CPU_1/05_A3_MicroSD/06_A3_USB2.0_Debug/07_A2_WI-FI/08_A3_MIC,8,E:\STADY\EMBADDED_STADY\FPGA_PROJECT\DE0_NANO\WORK\GITHUB\SCHEMATIC\ALLWINER_H3\LIB\LIB_H3.OLB, 157.50, 157.50
87,C86,4.7UF/16V,/02_A2_POWER/01_A3_Main_Block/03_A4_POWER_TREE/04_A2_CPU_1/05_A3_MicroSD/06_A3_USB2.0_Debug/07_A2_WI-FI/08_A3_MIC,8,E:\STADY\EMBADDED_STADY\FPGA_PROJECT\DE0_NANO\WORK\GITHUB\SCHEMATIC\ALLWINER_H3\LIB\LIB_H3.OLB, 157.50, 184.50
88,C92,1000P/100V,/02_A2_POWER/01_A3_Main_Block/03_A4_POWER_TREE/04_A2_CPU_1/05_A3_MicroSD/06_A3_USB2.0_Debug/07_A2_WI-FI/08_A3_MIC/09_A2_Ethernet,1,E:\STADY\EMBADDED_STADY\FPGA_PROJECT\DE0_NANO\WORK\GITHUB\SCHEMATIC\ALLWINNER_H3\LIB\LIB_H3.OLB, 415.75, 150.00
89,C93,100NF/16V,/02_A2_POWER/01_A3_Main_Block/03_A4_POWER_TREE/04_A2_CPU_1/05_A3_MicroSD/06_A3_USB2.0_Debug/07_A2_WI-FI/08_A3_MIC/09_A2_Ethernet,1,E:\STADY\EMBADDED_STADY\FPGA_PROJECT\DE0_NANO\WORK\GITHUB\SCHEMATIC\ALLWINER_H3\LIB\LIB_H3.OLB, 452.75, 152.50
90,C94,100NF/16V,/02_A2_POWER/01_A3_Main_Block/03_A4_POWER_TREE/04_A2_CPU_1/05_A3_MicroSD/06_A3_USB2.0_Debug/07_A2_WI-FI/08_A3_MIC/09_A2_Ethernet,1,E:\STADY\EMBADDED_STADY\FPGA_PROJECT\DE0_NANO\WORK\GITHUB\SCHEMATIC\ALLWINER_H3\LIB\LIB_H3.OLB, 484.75, 152.50
91,C95,1000P/100V,/02_A2_POWER/01_A3_Main_Block/03_A4_POWER_TREE/04_A2_CPU_1/05_A3_MicroSD/06_A3_USB2.0_Debug/07_A2_WI-FI/08_A3_MIC/09_A2_Ethernet,1,E:\STADY\EMBADDED_STADY\FPGA_PROJECT\DE0_NANO\WORK\GITHUB\SCHEMATIC\ALLWINNER_H3\LIB\LIB_H3.OLB, 288.00, 206.75
92,C96,1000P/100V,/02_A2_POWER/01_A3_Main_Block/03_A4_POWER_TREE/04_A2_CPU_1/05_A3_MicroSD/06_A3_USB2.0_Debug/07_A2_WI-FI/08_A3_MIC/09_A2_Ethernet,1,E:\STADY\EMBADDED_STADY\FPGA_PROJECT\DE0_NANO\WORK\GITHUB\SCHEMATIC\ALLWINNER_H3\LIB\LIB_H3.OLB, 482.25, 211.50
93,C97,100NF/16V,/02_A2_POWER/01_A3_Main_Block/03_A4_POWER_TREE/04_A2_CPU_1/05_A3_MicroSD/06_A3_USB2.0_Debug/07_A2_WI-FI/08_A3_MIC/09_A2_Ethernet,1,E:\STADY\EMBADDED_STADY\FPGA_PROJECT\DE0_NANO\WORK\GITHUB\SCHEMATIC\ALLWINER_H3\LIB\LIB_H3.OLB, 145.25, 76.25
94,C98,100NF/16V,/02_A2_POWER/01_A3_Main_Block/03_A4_POWER_TREE/04_A2_CPU_1/05_A3_MicroSD/06_A3_USB2.0_Debug/07_A2_WI-FI/08_A3_MIC/09_A2_Ethernet,1,E:\STADY\EMBADDED_STADY\FPGA_PROJECT\DE0_NANO\WORK\GITHUB\SCHEMATIC\ALLWINER_H3\LIB\LIB_H3.OLB, 145.25, 120.50
95,C99,100NF/16V,/02_A2_POWER/01_A3_Main_Block/03_A4_POWER_TREE/04_A2_CPU_1/05_A3_MicroSD/06_A3_USB2.0_Debug/07_A2_WI-FI/08_A3_MIC/09_A2_Ethernet/10_A2_HDMI,10,E:\STADY\EMBADDED_STADY\FPGA_PROJECT\DE0_NANO\WORK\GITHUB\SCHEMATIC\ALLWINER_H3\LIB\LIB_H3.OLB, 364.25, 209.25
96,DA1,LP3220SAB5F,/02_A2_POWER,2,E:\STADY\EMBADDED_STADY\FPGA_PROJECT\DE0_NANO\WORK\GITHUB\SCHEMATIC\ALLWINER_H3\LIB\LIB_H3.OLB, 196.75, 44.25
97,DA2,LP3987H-33B5F,/02_A2_POWER,2,E:\STADY\EMBADDED_STADY\FPGA_PROJECT\DE0_NANO\WORK\GITHUB\SCHEMATIC\ALLWINER_H3\LIB\LIB_H3.OLB, 214.00, 132.75
98,DA3,SY8113BADC,/02_A2_POWER,2,E:\STADY\EMBADDED_STADY\FPGA_PROJECT\DE0_NANO\WORK\GITHUB\SCHEMATIC\ALLWINER_H3\LIB\LIB_H3.OLB, 142.75, 206.75
99,DA4,SY8032EABC,/02_A2_POWER,2,E:\STADY\EMBADDED_STADY\FPGA_PROJECT\DE0_NANO\WORK\GITHUB\SCHEMATIC\ALLWINER_H3\LIB\LIB_H3.OLB, 162.50, 329.75
100,DA5,LP3987H-33B5F,/02_A2_POWER,2,E:\STADY\EMBADDED_STADY\FPGA_PROJECT\DE0_NANO\WORK\GITHUB\SCHEMATIC\ALLWINER_H3\LIB\LIB_H3.OLB, 403.50, 278.00
101,DA6,LP3220SAB5F,/02_A2_POWER/01_A3_Main_Block/03_A4_POWER_TREE/04_A2_CPU_1/05_A3_MicroSD/06_A3_USB2.0_Debug/07_A2_WI-FI,7,E:\STADY\EMBADDED_STADY\FPGA_PROJECT\DE0_NANO\WORK\GITHUB\SCHEMATIC\ALLWINNER_H3\LIB\LIB_H3.OLB, 135.25, 307.50
102,DA7,AP2127K-1.8TRG1,/02_A2_POWER/01_A3_Main_Block/03_A4_POWER_TREE/04_A2_CPU_1/05_A3_MicroSD/06_A3_USB2.0_Debug/07_A2_WI-FI,7,E:\STADY\EMBADDED_STADY\FPGA_PROJECT\DE0_NANO\WORK\GITHUB\SCHEMATIC\ALLWINNER_H3\LIB\LIB_H3.OLB, 371.50, 315.00
103,DD2,CH340N,/02_A2_POWER/01_A3_Main_Block/03_A4_POWER_TREE/04_A2_CPU_1/05_A3_MicroSD/06_A3_USB2.0_Debug,6,E:\STADY\EMBADDED_STADY\FPGA_PROJECT\DE0_NANO\WORK\GITHUB\SCHEMATIC\ALLWINNER_H3\LIB\LIB_H3.OLB, 145.25, 78.75
104,DD3,XR819,/02_A2_POWER/01_A3_Main_Block/03_A4_POWER_TREE/04_A2_CPU_1/05_A3_MicroSD/06_A3_USB2.0_Debug/07_A2_WI-FI,7,E:\STADY\EMBADDED_STADY\FPGA_PROJECT\DE0_NANO\WORK\GITHUB\SCHEMATIC\ALLWINNER_H3\LIB\LIB_H3.OLB, 302.75, 39.25
105,DD1-1,ALLWINNER H3 BGA 347,/02_A2_POWER/01_A3_Main_Block/03_A4_POWER_TREE/04_A2_CPU_1,4,E:\STADY\EMBADDED_STADY\FPGA_PROJECT\DE0_NANO\WORK\GITHUB\SCHEMATIC\ALLWINNER_H3\LIB\LIB_H3.OLB, 201.75, 22.25
106,DD1-2,ALLWINNER H3 BGA 347,/02_A2_POWER/01_A3_Main_Block/03_A4_POWER_TREE/04_A2_CPU_1,4,E:\STADY\EMBADDED_STADY\FPGA_PROJECT\DE0_NANO\WORK\GITHUB\SCHEMATIC\ALLWINNER_H3\LIB\LIB_H3.OLB, 187.00, 233.75
107,J1,5033981892,/02_A2_POWER/01_A3_Main_Block/03_A4_POWER_TREE/04_A2_CPU_1/05_A3_MicroSD,5,E:\STADY\EMBADDED_STADY\FPGA_PROJECT\DE0_NANO\WORK\GITHUB\SCHEMATIC\ALLWINNER_H3\LIB\LIB_H3.OLB, 226.50, 93.50
108,J2,1054500101,/02_A2_POWER/01_A3_Main_Block/03_A4_POWER_TREE/04_A2_CPU_1/05_A3_MicroSD/06_A3_USB2.0_Debug,6,E:\STADY\EMBADDED_STADY\FPGA_PROJECT\DE0_NANO\WORK\GITHUB\SCHEMATIC\ALLWINNER_H3\LIB\LIB_H3.OLB, 273.25, 14.75
109,J3,PJ322,/02_A2_POWER/01_A3_Main_Block/03_A4_POWER_TREE/04_A2_CPU_1/05_A3_MicroSD/06_A3_USB2.0_Debug/07_A2_WI-FI/08_A3_MIC,8,E:\STADY\EMBADDED_STADY\FPGA_PROJECT\DE0_NANO\WORK\GITHUB\SCHEMATIC\ALLWINNER_H3\LIB\LIB_H3.OLB, 320.00, 169.75
110,J5,R-RJ45R08P-C000,/02_A2_POWER/01_A3_Main_Block/03_A4_POWER_TREE/04_A2_CPU_1/05_A3_MicroSD/06_A3_USB2.0_Debug/07_A2_WI-FI/08_A3_MIC/09_A2_Ethernet,1,E:\STADY\EMBADDED_STADY\FPGA_PROJECT\DE0_NANO\WORK\GITHUB\SCHEMATIC\ALLWINNER_H3\LIB\LIB_H3.OLB, 342.00, 71.25
111,J7,HDMI 19PIN 043,/02_A2_POWER/01_A3_Main_Block/03_A4_POWER_TREE/04_A2_CPU_1/05_A3_MicroSD/06_A3_USB2.0_Debug/07_A2_WI-FI/08_A3_MIC/09_A2_Ethernet/10_A2_HDMI,10,E:\STADY\EMBADDED_STADY\FPGA_PROJECT\DE0_NANO\WORK\GITHUB\SCHEMATIC\ALLWINNER_H3\LIB\LIB_H3.OLB, 411.00, 54.25
112,L1,2.2UH/2.3A,/02_A2_POWER,2,E:\STADY\EMBADDED_STADY\FPGA_PROJECT\DE0_NANO\WORK\GITHUB\SCHEMATIC\ALLWINER_H3\LIB\LIB_H3.OLB, 260.75, 49.25
113,L2,2.2UH/4.5A,/02_A2_POWER,2,E:\STADY\EMBADDED_STADY\FPGA_PROJECT\DE0_NANO\WORK\GITHUB\SCHEMATIC\ALLWINER_H3\LIB\LIB_H3.OLB, 278.00, 211.50
114,L3,2.2UH/4.5A,/02_A2_POWER,2,E:\STADY\EMBADDED_STADY\FPGA_PROJECT\DE0_NANO\WORK\GITHUB\SCHEMATIC\ALLWINER_H3\LIB\LIB_H3.OLB, 221.50, 334.75
115,L4,2.2UH/2.3A,/02_A2_POWER/01_A3_Main_Block/03_A4_POWER_TREE/04_A2_CPU_1/05_A3_MicroSD/06_A3_USB2.0_Debug/07_A2_WI-FI,7,E:\STADY\EMBADDED_STADY\FPGA_PROJECT\DE0_NANO\WORK\GITHUB\SCHEMATIC\ALLWINER_H3\LIB\LIB_H3.OLB, 192.00, 312.50
116,L5,BLM18EG221SN1D,/02_A2_POWER/01_A3_Main_Block/03_A4_POWER_TREE/04_A2_CPU_1/05_A3_MicroSD/06_A3_USB2.0_Debug/07_A2_WI-FI,7,E:\STADY\EMBADDED_STADY\FPGA_PROJECT\DE0_NANO\WORK\GITHUB\SCHEMATIC\ALLWINNER_H3\LIB\LIB_H3.OLB, 251.00, 256.00
117,L6,BLM18EG221SN1D,/02_A2_POWER/01_A3_Main_Block/03_A4_POWER_TREE/04_A2_CPU_1/05_A3_MicroSD/06_A3_USB2.0_Debug/07_A2_WI-FI,7,E:\STADY\EMBADDED_STADY\FPGA_PROJECT\DE0_NANO\WORK\GITHUB\SCHEMATIC\ALLWINNER_H3\LIB\LIB_H3.OLB, 251.00, 275.50
118,L7,BLM18EG221SN1D,/02_A2_POWER/01_A3_Main_Block/03_A4_POWER_TREE/04_A2_CPU_1/05_A3_MicroSD/06_A3_USB2.0_Debug/07_A2_WI-FI/08_A3_MIC,8,E:\STADY\EMBADDED_STADY\FPGA_PROJECT\DE0_NANO\WORK\GITHUB\SCHEMATIC\ALLWINNER_H3\LIB\LIB_H3.OLB, 110.75, 32.00
119,L8,BLM18EG221SN1D,/02_A2_POWER/01_A3_Main_Block/03_A4_POWER_TREE/04_A2_CPU_1/05_A3_MicroSD/06_A3_USB2.0_Debug/07_A2_WI-FI/08_A3_MIC,8,E:\STADY\EMBADDED_STADY\FPGA_PROJECT\DE0_NANO\WORK\GITHUB\SCHEMATIC\ALLWINNER_H3\LIB\LIB_H3.OLB, 113.25, 93.50
120,L9,BLM18EG221SN1D,/02_A2_POWER/01_A3_Main_Block/03_A4_POWER_TREE/04_A2_CPU_1/05_A3_MicroSD/06_A3_USB2.0_Debug/07_A2_WI-FI/08_A3_MIC,8,E:\STADY\EMBADDED_STADY\FPGA_PROJECT\DE0_NANO\WORK\GITHUB\SCHEMATIC\ALLWINNER_H3\LIB\LIB_H3.OLB, 199.25, 162.50
121,L10,BLM18EG221SN1D,/02_A2_POWER/01_A3_Main_Block/03_A4_POWER_TREE/04_A2_CPU_1/05_A3_MicroSD/06_A3_USB2.0_Debug/07_A2_WI-FI/08_A3_MIC,8,E:\STADY\EMBADDED_STADY\FPGA_PROJECT\DE0_NANO\WORK\GITHUB\SCHEMATIC\ALLWINNER_H3\LIB\LIB_H3.OLB, 199.25, 189.50
122,L11,BLM18EG221SN1D,/02_A2_POWER/01_A3_Main_Block/03_A4_POWER_TREE/04_A2_CPU_1/05_A3_MicroSD/06_A3_USB2.0_Debug/07_A2_WI-FI/08_A3_MIC,8,E:\STADY\EMBADDED_STADY\FPGA_PROJECT\DE0_NANO\WORK\GITHUB\SCHEMATIC\ALLWINNER_H3\LIB\LIB_H3.OLB, 300.25, 219.00
123,L14,BLM18EG221SN1D,/02_A2_POWER/01_A3_Main_Block/03_A4_POWER_TREE/04_A2_CPU_1/05_A3_MicroSD/06_A3_USB2.0_Debug/07_A2_WI-FI/08_A3_MIC/09_A2_Ethernet,1,E:\STADY\EMBADDED_STADY\FPGA_PROJECT\DE0_NANO\WORK\GITHUB\SCHEMATIC\ALLWINNER_H3\LIB\LIB_H3.OLB, 413.50, 135.25
124,L15,BLM18EG221SN1D,/02_A2_POWER/01_A3_Main_Block/03_A4_POWER_TREE/04_A2_CPU_1/05_A3_MicroSD/06_A3_USB2.0_Debug/07_A2_WI-FI/08_A3_MIC/09_A2_Ethernet,1,E:\STADY\EMBADDED_STADY\FPGA_PROJECT\DE0_NANO\WORK\GITHUB\SCHEMATIC\ALLWINNER_H3\LIB\LIB_H3.OLB, 479.75, 196.75
125,L17,BLM18EG221SN1D,/02_A2_POWER/01_A3_Main_Block/03_A4_POWER_TREE/04_A2_CPU_1/05_A3_MicroSD/06_A3_USB2.0_Debug/07_A2_WI-FI/08_A3_MIC/09_A2_Ethernet/10_A2_HDMI,10,E:\STADY\EMBADDED_STADY\FPGA_PROJECT\DE0_NANO\WORK\GITHUB\SCHEMATIC\ALLWINNER_H3\LIB\LIB_H3.OLB, 472.50, 172.25
126,MIC1,SPH1642HT5H-1-8,/02_A2_POWER/01_A3_Main_Block/03_A4_POWER_TREE/04_A2_CPU_1/05_A3_MicroSD/06_A3_USB2.0_Debug/07_A2_WI-FI/08_A3_MIC,8,E:\STADY\EMBADDED_STADY\FPGA_PROJECT\DE0_NANO\WORK\GITHUB\SCHEMATIC\ALLWINNER_H3\LIB\LIB_H3.OLB, 147.75, 24.50
127,MIC2,SPH1642HT5H-1-8,/02_A2_POWER/01_A3_Main_Block/03_A4_POWER_TREE/04_A2_CPU_1/05_A3_MicroSD/06_A3_USB2.0_Debug/07_A2_WI-FI/08_A3_MIC,8,E:\STADY\EMBADDED_STADY\FPGA_PROJECT\DE0_NANO\WORK\GITHUB\SCHEMATIC\ALLWINNER_H3\LIB\LIB_H3.OLB, 147.75, 86.00
128,R1,330,/02_A2_POWER,2,E:\STADY\EMBADDED_STADY\FPGA_PROJECT\DE0_NANO\WORK\GITHUB\SCHEMATIC\ALLWINER_H3\LIB\LIB_H3.OLB, 81.25, 64.00
129,R2,150K,/02_A2_POWER,2,E:\STADY\EMBADDED_STADY\FPGA_PROJECT\DE0_NANO\WORK\GITHUB\SCHEMATIC\ALLWINER_H3\LIB\LIB_H3.OLB, 278.00, 64.00
130,R3,100K,/02_A2_POWER,2,E:\STADY\EMBADDED_STADY\FPGA_PROJECT\DE0_NANO\WORK\GITHUB\SCHEMATIC\ALLWINER_H3\LIB\LIB_H3.OLB, 241.25, 83.75
131,R4,100K,/02_A2_POWER,2,E:\STADY\EMBADDED_STADY\FPGA_PROJECT\DE0_NANO\WORK\GITHUB\SCHEMATIC\ALLWINER_H3\LIB\LIB_H3.OLB, 172.25, 142.75
132,R5,0,/02_A2_POWER,2,E:\STADY\EMBADDED_STADY\FPGA_PROJECT\DE0_NANO\WORK\GITHUB\SCHEMATIC\ALLWINER_H3\LIB\LIB_H3.OLB, 388.75, 49.25
133,R6,10K,/02_A2_POWER,2,E:\STADY\EMBADDED_STADY\FPGA_PROJECT\DE0_NANO\WORK\GITHUB\SCHEMATIC\ALLWINER_H3\LIB\LIB_H3.OLB, 204.25, 253.50
134,R7,10K,/02_A2_POWER,2,E:\STADY\EMBADDED_STADY\FPGA_PROJECT\DE0_NANO\WORK\GITHUB\SCHEMATIC\ALLWINER_H3\LIB\LIB_H3.OLB, 226.50, 236.25
135,R8,0,/02_A2_POWER,2,E:\STADY\EMBADDED_STADY\FPGA_PROJECT\DE0_NANO\WORK\GITHUB\SCHEMATIC\ALLWINER_H3\LIB\LIB_H3.OLB, 81.25, 270.75
136,R9,0,/02_A2_POWER,2,E:\STADY\EMBADDED_STADY\FPGA_PROJECT\DE0_NANO\WORK\GITHUB\SCHEMATIC\ALLWINER_H3\LIB\LIB_H3.OLB, 81.25, 288.00
137,R10,100K,/02_A2_POWER,2,E:\STADY\EMBADDED_STADY\FPGA_PROJECT\DE0_NANO\WORK\GITHUB\SCHEMATIC\ALLWINER_H3\LIB\LIB_H3.OLB, 438.00, 162.50
138,R11,100K,/02_A2_POWER,2,E:\STADY\EMBADDED_STADY\FPGA_PROJECT\DE0_NANO\WORK\GITHUB\SCHEMATIC\ALLWINER_H3\LIB\LIB_H3.OLB, 243.50, 349.50
139,R12,100K,/02_A2_POWER,2,E:\STADY\EMBADDED_STADY\FPGA_PROJECT\DE0_NANO\WORK\GITHUB\SCHEMATIC\ALLWINER_H3\LIB\LIB_H3.OLB, 209.25, 366.75
140,R13,100K,/02_A2_POWER,2,E:\STADY\EMBADDED_STADY\FPGA_PROJECT\DE0_NANO\WORK\GITHUB\SCHEMATIC\ALLWINER_H3\LIB\LIB_H3.OLB, 113.25, 312.50
141,R14,100K,/02_A2_POWER,2,E:\STADY\EMBADDED_STADY\FPGA_PROJECT\DE0_NANO\WORK\GITHUB\SCHEMATIC\ALLWINER_H3\LIB\LIB_H3.OLB, 123.00, 356.75
142,R15,0,/02_A2_POWER,2,E:\STADY\EMBADDED_STADY\FPGA_PROJECT\DE0_NANO\WORK\GITHUB\SCHEMATIC\ALLWINER_H3\LIB\LIB_H3.OLB, 462.50, 49.25
143,R16,10K,/02_A2_POWER,2,E:\STADY\EMBADDED_STADY\FPGA_PROJECT\DE0_NANO\WORK\GITHUB\SCHEMATIC\ALLWINER_H3\LIB\LIB_H3.OLB, 467.50, 211.50
144,R17,10K,/02_A2_POWER,2,E:\STADY\EMBADDED_STADY\FPGA_PROJECT\DE0_NANO\WORK\GITHUB\SCHEMATIC\ALLWINER_H3\LIB\LIB_H3.OLB, 492.25, 211.50
145,R18,100K,/02_A2_POWER,2,E:\STADY\EMBADDED_STADY\FPGA_PROJECT\DE0_NANO\WORK\GITHUB\SCHEMATIC\ALLWINER_H3\LIB\LIB_H3.OLB, 361.75, 288.00
146,R19,2,/02_A2_POWER/01_A3_Main_Block/03_A4_POWER_TREE,3,E:\STADY\EMBADDED_STADY\FPGA_PROJECT\DE0_NANO\WORK\GITHUB\SCHEMATIC\ALLWINER_H3\LIB\LIB_H3.OLB, 145.25, 150.00
147,R20,0,/02_A2_POWER/01_A3_Main_Block/03_A4_POWER_TREE,3,E:\STADY\EMBADDED_STADY\FPGA_PROJECT\DE0_NANO\WORK\GITHUB\SCHEMATIC\ALLWINER_H3\LIB\LIB_H3.OLB, 142.75, 194.50
148,R21,0,/02_A2_POWER/01_A3_Main_Block/03_A4_POWER_TREE,3,E:\STADY\EMBADDED_STADY\FPGA_PROJECT\DE0_NANO\WORK\GITHUB\SCHEMATIC\ALLWINER_H3\LIB\LIB_H3.OLB, 142.75, 211.50
149,R22,0/NC,/02_A2_POWER/01_A3_Main_Block/03_A4_POWER_TREE/04_A2_CPU_1,4,E:\STADY\EMBADDED_STADY\FPGA_PROJECT\DE0_NANO\WORK\GITHUB\SCHEMATIC\ALLWINER_H3\LIB\LIB_H3.OLB, 452.75, 147.75
150,R23,6.04K,/02_A2_POWER/01_A3_Main_Block/03_A4_POWER_TREE/04_A2_CPU_1,4,E:\STADY\EMBADDED_STADY\FPGA_PROJECT\DE0_NANO\WORK\GITHUB\SCHEMATIC\ALLWINNER_H3\LIB\LIB_H3.OLB, 54.25, 312.50
151,R24,0,/02_A2_POWER/01_A3_Main_Block/03_A4_POWER_TREE/04_A2_CPU_1,4,E:\STADY\EMBADDED_STADY\FPGA_PROJECT\DE0_NANO\WORK\GITHUB\SCHEMATIC\ALLWINER_H3\LIB\LIB_H3.OLB, 504.50, 349.50
152,R25,220K,/02_A2_POWER/01_A3_Main_Block/03_A4_POWER_TREE/04_A2_CPU_1,4,E:\STADY\EMBADDED_STADY\FPGA_PROJECT\DE0_NANO\WORK\GITHUB\SCHEMATIC\ALLWINNER_H3\LIB\LIB_H3.OLB, 519.25, 211.50
153,R26,47K,/02_A2_POWER/01_A3_Main_Block/03_A4_POWER_TREE/04_A2_CPU_1/05_A3_MicroSD,5,E:\STADY\EMBADDED_STADY\FPGA_PROJECT\DE0_NANO\WORK\GITHUB\SCHEMATIC\ALLWINNER_H3\LIB\LIB_H3.OLB, 182.00, 54.25
154,R27,0,/02_A2_POWER/01_A3_Main_Block/03_A4_POWER_TREE/04_A2_CPU_1/05_A3_MicroSD,5,E:\STADY\EMBADDED_STADY\FPGA_PROJECT\DE0_NANO\WORK\GITHUB\SCHEMATIC\ALLWINER_H3\LIB\LIB_H3.OLB, 64.00, 49.25
155,R28,47K,/02_A2_POWER/01_A3_Main_Block/03_A4_POWER_TREE/04_A2_CPU_1/05_A3_MicroSD,5,E:\STADY\EMBADDED_STADY\FPGA_PROJECT\DE0_NANO\WORK\GITHUB\SCHEMATIC\ALLWINNER_H3\LIB\LIB_H3.OLB, 157.50, 54.25
156,R29,33,/02_A2_POWER/01_A3_Main_Block/03_A4_POWER_TREE/04_A2_CPU_1/05_A3_MicroSD,5,E:\STADY\EMBADDED_STADY\FPGA_PROJECT\DE0_NANO\WORK\GITHUB\SCHEMATIC\ALLWINNER_H3\LIB\LIB_H3.OLB, 128.00, 118.00
157,R30,5.1K,/02_A2_POWER/01_A3_Main_Block/03_A4_POWER_TREE/04_A2_CPU_1/05_A3_MicroSD/06_A3_USB2.0_Debug,6,E:\STADY\EMBADDED_STADY\FPGA_PROJECT\DE0_NANO\WORK\GITHUB\SCHEMATIC\ALLWINNER_H3\LIB\LIB_H3.OLB, 231.25, 145.25
158,R31,5.1K,/02_A2_POWER/01_A3_Main_Block/03_A4_POWER_TREE/04_A2_CPU_1/05_A3_MicroSD/06_A3_USB2.0_Debug,6,E:\STADY\EMBADDED_STADY\FPGA_PROJECT\DE0_NANO\WORK\GITHUB\SCHEMATIC\ALLWINNER_H3\LIB\LIB_H3.OLB, 206.75, 145.25
159,R32,1M,/02_A2_POWER/01_A3_Main_Block/03_A4_POWER_TREE/04_A2_CPU_1/05_A3_MicroSD/06_A3_USB2.0_Debug,6,E:\STADY\EMBADDED_STADY\FPGA_PROJECT\DE0_NANO\WORK\GITHUB\SCHEMATIC\ALLWINNER_H3\LIB\LIB_H3.OLB, 292.75, 179.75
160,R33,5.1K,/02_A2_POWER/01_A3_Main_Block/03_A4_POWER_TREE/04_A2_CPU_1/05_A3_MicroSD/06_A3_USB2.0_Debug,6,E:\STADY\EMBADDED_STADY\FPGA_PROJECT\DE0_NANO\WORK\GITHUB\SCHEMATIC\ALLWINNER_H3\LIB\LIB_H3.OLB, 233.75, 37.00
161,R34,100,/02_A2_POWER/01_A3_Main_Block/03_A4_POWER_TREE/04_A2_CPU_1/05_A3_MicroSD/06_A3_USB2.0_Debug,6,E:\STADY\EMBADDED_STADY\FPGA_PROJECT\DE0_NANO\WORK\GITHUB\SCHEMATIC\ALLWINNER_H3\LIB\LIB_H3.OLB, 108.25, 93.50
162,R35,100,/02_A2_POWER/01_A3_Main_Block/03_A4_POWER_TREE/04_A2_CPU_1/05_A3_MicroSD/06_A3_USB2.0_Debug,6,E:\STADY\EMBADDED_STADY\FPGA_PROJECT\DE0_NANO\WORK\GITHUB\SCHEMATIC\ALLWINNER_H3\LIB\LIB_H3.OLB, 108.25, 103.25
163,R36,330,/02_A2_POWER/01_A3_Main_Block/03_A4_POWER_TREE/04_A2_CPU_1/05_A3_MicroSD/06_A3_USB2.0_Debug,6,E:\STADY\EMBADDED_STADY\FPGA_PROJECT\DE0_NANO\WORK\GITHUB\SCHEMATIC\ALLWINER_H3\LIB\LIB_H3.OLB, 152.50, 221.50
164,R37,100K,/02_A2_POWER/01_A3_Main_Block/03_A4_POWER_TREE/04_A2_CPU_1/05_A3_MicroSD/06_A3_USB2.0_Debug,6,E:\STADY\EMBADDED_STADY\FPGA_PROJECT\DE0_NANO\WORK\GITHUB\SCHEMATIC\ALLWINER_H3\LIB\LIB_H3.OLB, 118.00, 211.50
165,R38,10K,/02_A2_POWER/01_A3_Main_Block/03_A4_POWER_TREE/04_A2_CPU_1/05_A3_MicroSD/06_A3_USB2.0_Debug,6,E:\STADY\EMBADDED_STADY\FPGA_PROJECT\DE0_NANO\WORK\GITHUB\SCHEMATIC\ALLWINER_H3\LIB\LIB_H3.OLB, 93.50, 187.00
166,R39,30K,/02_A2_POWER/01_A3_Main_Block/03_A4_POWER_TREE/04_A2_CPU_1/05_A3_MicroSD/06_A3_USB2.0_Debug/07_A2_WI-FI,7,E:\STADY\EMBADDED_STADY\FPGA_PROJECT\DE0_NANO\WORK\GITHUB\SCHEMATIC\ALLWINNER_H3\LIB\LIB_H3.OLB, 59.00, 49.25
167,R40,30K,/02_A2_POWER/01_A3_Main_Block/03_A4_POWER_TREE/04_A2_CPU_1/05_A3_MicroSD/06_A3_USB2.0_Debug/07_A2_WI-FI,7,E:\STADY\EMBADDED_STADY\FPGA_PROJECT\DE0_NANO\WORK\GITHUB\SCHEMATIC\ALLWINNER_H3\LIB\LIB_H3.OLB, 76.25, 49.25
168,R41,30K,/02_A2_POWER/01_A3_Main_Block/03_A4_POWER_TREE/04_A2_CPU_1/05_A3_MicroSD/06_A3_USB2.0_Debug/07_A2_WI-FI,7,E:\STADY\EMBADDED_STADY\FPGA_PROJECT\DE0_NANO\WORK\GITHUB\SCHEMATIC\ALLWINNER_H3\LIB\LIB_H3.OLB, 93.50, 49.25
169,R42,30K,/02_A2_POWER/01_A3_Main_Block/03_A4_POWER_TREE/04_A2_CPU_1/05_A3_MicroSD/06_A3_USB2.0_Debug/07_A2_WI-FI,7,E:\STADY\EMBADDED_STADY\FPGA_PROJECT\DE0_NANO\WORK\GITHUB\SCHEMATIC\ALLWINNER_H3\LIB\LIB_H3.OLB, 110.75, 49.25
170,R43,30K,/02_A2_POWER/01_A3_Main_Block/03_A4_POWER_TREE/04_A2_CPU_1/05_A3_MicroSD/06_A3_USB2.0_Debug/07_A2_WI-FI,7,E:\STADY\EMBADDED_STADY\FPGA_PROJECT\DE0_NANO\WORK\GITHUB\SCHEMATIC\ALLWINNER_H3\LIB\LIB_H3.OLB, 128.00, 49.25
171,R44,33,/02_A2_POWER/01_A3_Main_Block/03_A4_POWER_TREE/04_A2_CPU_1/05_A3_MicroSD/06_A3_USB2.0_Debug/07_A2_WI-FI,7,E:\STADY\EMBADDED_STADY\FPGA_PROJECT\DE0_NANO\WORK\GITHUB\SCHEMATIC\ALLWINNER_H3\LIB\LIB_H3.OLB, 96.00, 115.75
172,R45,150K,/02_A2_POWER/01_A3_Main_Block/03_A4_POWER_TREE/04_A2_CPU_1/05_A3_MicroSD/06_A3_USB2.0_Debug/07_A2_WI-FI,7,E:\STADY\EMBADDED_STADY\FPGA_PROJECT\DE0_NANO\WORK\GITHUB\SCHEMATIC\ALLWINER_H3\LIB\LIB_H3.OLB, 211.50, 327.25
173,R46,33K,/02_A2_POWER/01_A3_Main_Block/03_A4_POWER_TREE/04_A2_CPU_1/05_A3_MicroSD/06_A3_USB2.0_Debug/07_A2_WI-FI,7,E:\STADY\EMBADDED_STADY\FPGA_PROJECT\DE0_NANO\WORK\GITHUB\SCHEMATIC\ALLWINNER_H3\LIB\LIB_H3.OLB, 192.00, 359.25
174,R47,1.8K/NC,/02_A2_POWER/01_A3_Main_Block/03_A4_POWER_TREE/04_A2_CPU_1/05_A3_MicroSD/06_A3_USB2.0_Debug/07_A2_WI-FI,7,E:\STADY\EMBADDED_STADY\FPGA_PROJECT\DE0_NANO\WORK\GITHUB\SCHEMATIC\ALLWINNER_H3\LIB\LIB_H3.OLB, 93.50, 317.50
175,R48,1.8K,/02_A2_POWER/01_A3_Main_Block/03_A4_POWER_TREE/04_A2_CPU_1/05_A3_MicroSD/06_A3_USB2.0_Debug/07_A2_WI-FI,7,E:\STADY\EMBADDED_STADY\FPGA_PROJECT\DE0_NANO\WORK\GITHUB\SCHEMATIC\ALLWINNER_H3\LIB\LIB_H3.OLB, 86.00, 349.50
176,R49,0,/02_A2_POWER/01_A3_Main_Block/03_A4_POWER_TREE/04_A2_CPU_1/05_A3_MicroSD/06_A3_USB2.0_Debug/07_A2_WI-FI,7,E:\STADY\EMBADDED_STADY\FPGA_PROJECT\DE0_NANO\WORK\GITHUB\SCHEMATIC\ALLWINER_H3\LIB\LIB_H3.OLB, 310.00, 359.25
177,R50,82.5K/NC,/02_A2_POWER/01_A3_Main_Block/03_A4_POWER_TREE/04_A2_CPU_1/05_A3_MicroSD/06_A3_USB2.0_Debug/07_A2_WI-FI,7,E:\STADY\EMBADDED_STADY\FPGA_PROJECT\DE0_NANO\WORK\GITHUB\SCHEMATIC\ALLWINNER_H3\LIB\LIB_H3.OLB, 452.75, 329.75
178,R51,20K,/02_A2_POWER/01_A3_Main_Block/03_A4_POWER_TREE/04_A2_CPU_1/05_A3_MicroSD/06_A3_USB2.0_Debug/07_A2_WI-FI,7,E:\STADY\EMBADDED_STADY\FPGA_PROJECT\DE0_NANO\WORK\GITHUB\SCHEMATIC\ALLWINNER_H3\LIB\LIB_H3.OLB, 433.00, 344.50
179,R52,0,/02_A2_POWER/01_A3_Main_Block/03_A4_POWER_TREE/04_A2_CPU_1/05_A3_MicroSD/06_A3_USB2.0_Debug/07_A2_WI-FI,7,E:\STADY\EMBADDED_STADY\FPGA_PROJECT\DE0_NANO\WORK\GITHUB\SCHEMATIC\ALLWINER_H3\LIB\LIB_H3.OLB, 263.25, 128.00
180,R53,0/NC,/02_A2_POWER/01_A3_Main_Block/03_A4_POWER_TREE/04_A2_CPU_1/05_A3_MicroSD/06_A3_USB2.0_Debug/07_A2_WI-FI,7,E:\STADY\EMBADDED_STADY\FPGA_PROJECT\DE0_NANO\WORK\GITHUB\SCHEMATIC\ALLWINER_H3\LIB\LIB_H3.OLB, 69.00, 231.25
181,R54,0,/02_A2_POWER/01_A3_Main_Block/03_A4_POWER_TREE/04_A2_CPU_1/05_A3_MicroSD/06_A3_USB2.0_Debug/07_A2_WI-FI,7,E:\STADY\EMBADDED_STADY\FPGA_PROJECT\DE0_NANO\WORK\GITHUB\SCHEMATIC\ALLWINER_H3\LIB\LIB_H3.OLB, 71.25, 251.00
182,R55,10K/NC,/02_A2_POWER/01_A3_Main_Block/03_A4_POWER_TREE/04_A2_CPU_1/05_A3_MicroSD/06_A3_USB2.0_Debug/07_A2_WI-FI,7,E:\STADY\EMBADDED_STADY\FPGA_PROJECT\DE0_NANO\WORK\GITHUB\SCHEMATIC\ALLWINER_H3\LIB\LIB_H3.OLB, 108.25, 268.25
183,R56,0,/02_A2_POWER/01_A3_Main_Block/03_A4_POWER_TREE/04_A2_CPU_1/05_A3_MicroSD/06_A3_USB2.0_Debug/07_A2_WI-FI,7,E:\STADY\EMBADDED_STADY\FPGA_PROJECT\DE0_NANO\WORK\GITHUB\SCHEMATIC\ALLWINER_H3\LIB\LIB_H3.OLB, 128.00, 241.25
184,R57,0,/02_A2_POWER/01_A3_Main_Block/03_A4_POWER_TREE/04_A2_CPU_1/05_A3_MicroSD/06_A3_USB2.0_Debug/07_A2_WI-FI,7,E:\STADY\EMBADDED_STADY\FPGA_PROJECT\DE0_NANO\WORK\GITHUB\SCHEMATIC\ALLWINER_H3\LIB\LIB_H3.OLB, 443.00, 78.75
185,R64,330,/02_A2_POWER/01_A3_Main_Block/03_A4_POWER_TREE/04_A2_CPU_1/05_A3_MicroSD/06_A3_USB2.0_Debug/07_A2_WI-FI/08_A3_MIC/09_A2_Ethernet,1,E:\STADY\EMBADDED_STADY\FPGA_PROJECT\DE0_NANO\WORK\GITHUB\SCHEMATIC\ALLWINNER_H3\LIB\LIB_H3.OLB, 415.75, 86.00
186,R65,330,/02_A2_POWER/01_A3_Main_Block/03_A4_POWER_TREE/04_A2_CPU_1/05_A3_MicroSD/06_A3_USB2.0_Debug/07_A2_WI-FI/08_A3_MIC/09_A2_Ethernet,1,E:\STADY\EMBADDED_STADY\FPGA_PROJECT\DE0_NANO\WORK\GITHUB\SCHEMATIC\ALLWINNER_H3\LIB\LIB_H3.OLB, 415.75, 115.75
187,R66,75,/02_A2_POWER/01_A3_Main_Block/03_A4_POWER_TREE/04_A2_CPU_1/05_A3_MicroSD/06_A3_USB2.0_Debug/07_A2_WI-FI/08_A3_MIC/09_A2_Ethernet,1,E:\STADY\EMBADDED_STADY\FPGA_PROJECT\DE0_NANO\WORK\GITHUB\SCHEMATIC\ALLWINNER_H3\LIB\LIB_H3.OLB, 263.25, 164.75
188,R67,75,/02_A2_POWER/01_A3_Main_Block/03_A4_POWER_TREE/04_A2_CPU_1/05_A3_MicroSD/06_A3_USB2.0_Debug/07_A2_WI-FI/08_A3_MIC/09_A2_Ethernet,1,E:\STADY\EMBADDED_STADY\FPGA_PROJECT\DE0_NANO\WORK\GITHUB\SCHEMATIC\ALLWINNER_H3\LIB\LIB_H3.OLB, 283.00, 164.75
189,R68,75,/02_A2_POWER/01_A3_Main_Block/03_A4_POWER_TREE/04_A2_CPU_1/05_A3_MicroSD/06_A3_USB2.0_Debug/07_A2_WI-FI/08_A3_MIC/09_A2_Ethernet,1,E:\STADY\EMBADDED_STADY\FPGA_PROJECT\DE0_NANO\WORK\GITHUB\SCHEMATIC\ALLWINNER_H3\LIB\LIB_H3.OLB, 302.75, 164.75
190,R69,75,/02_A2_POWER/01_A3_Main_Block/03_A4_POWER_TREE/04_A2_CPU_1/05_A3_MicroSD/06_A3_USB2.0_Debug/07_A2_WI-FI/08_A3_MIC/09_A2_Ethernet,1,E:\STADY\EMBADDED_STADY\FPGA_PROJECT\DE0_NANO\WORK\GITHUB\SCHEMATIC\ALLWINNER_H3\LIB\LIB_H3.OLB, 322.25, 164.75
191,R70,10K,/02_A2_POWER/01_A3_Main_Block/03_A4_POWER_TREE/04_A2_CPU_1/05_A3_MicroSD/06_A3_USB2.0_Debug/07_A2_WI-FI/08_A3_MIC/09_A2_Ethernet,1,E:\STADY\EMBADDED_STADY\FPGA_PROJECT\DE0_NANO\WORK\GITHUB\SCHEMATIC\ALLWINER_H3\LIB\LIB_H3.OLB, 155.00, 268.25
192,R71,100K,/02_A2_POWER/01_A3_Main_Block/03_A4_POWER_TREE/04_A2_CPU_1/05_A3_MicroSD/06_A3_USB2.0_Debug/07_A2_WI-FI/08_A3_MIC/09_A2_Ethernet,1,E:\STADY\EMBADDED_STADY\FPGA_PROJECT\DE0_NANO\WORK\GITHUB\SCHEMATIC\ALLWINER_H3\LIB\LIB_H3.OLB, 179.75, 292.75
193,R72,330,/02_A2_POWER/01_A3_Main_Block/03_A4_POWER_TREE/04_A2_CPU_1/05_A3_MicroSD/06_A3_USB2.0_Debug/07_A2_WI-FI/08_A3_MIC/09_A2_Ethernet,1,E:\STADY\EMBADDED_STADY\FPGA_PROJECT\DE0_NANO\WORK\GITHUB\SCHEMATIC\ALLWINER_H3\LIB\LIB_H3.OLB, 214.00, 302.75
194,R73,20K,/02_A2_POWER/01_A3_Main_Block/03_A4_POWER_TREE/04_A2_CPU_1/05_A3_MicroSD/06_A3_USB2.0_Debug/07_A2_WI-FI/08_A3_MIC/09_A2_Ethernet/10_A2_HDMI,10,E:\STADY\EMBADDED_STADY\FPGA_PROJECT\DE0_NANO\WORK\GITHUB\SCHEMATIC\ALLWINNER_H3\LIB\LIB_H3.OLB, 192.00, 187.00
195,R74,27K,/02_A2_POWER/01_A3_Main_Block/03_A4_POWER_TREE/04_A2_CPU_1/05_A3_MicroSD/06_A3_USB2.0_Debug/07_A2_WI-FI/08_A3_MIC/09_A2_Ethernet/10_A2_HDMI,10,E:\STADY\EMBADDED_STADY\FPGA_PROJECT\DE0_NANO\WORK\GITHUB\SCHEMATIC\ALLWINNER_H3\LIB\LIB_H3.OLB, 169.75, 211.50
196,R75,0,/02_A2_POWER/01_A3_Main_Block/03_A4_POWER_TREE/04_A2_CPU_1/05_A3_MicroSD/06_A3_USB2.0_Debug/07_A2_WI-FI/08_A3_MIC/09_A2_Ethernet/10_A2_HDMI,10,E:\STADY\EMBADDED_STADY\FPGA_PROJECT\DE0_NANO\WORK\GITHUB\SCHEMATIC\ALLWINER_H3\LIB\LIB_H3.OLB, 302.75, 312.50
197,R76,27K,/02_A2_POWER/01_A3_Main_Block/03_A4_POWER_TREE/04_A2_CPU_1/05_A3_MicroSD/06_A3_USB2.0_Debug/07_A2_WI-FI/08_A3_MIC/09_A2_Ethernet/10_A2_HDMI,10,E:\STADY\EMBADDED_STADY\FPGA_PROJECT\DE0_NANO\WORK\GITHUB\SCHEMATIC\ALLWINNER_H3\LIB\LIB_H3.OLB, 344.50, 329.75
198,R77,1.8K,/02_A2_POWER/01_A3_Main_Block/03_A4_POWER_TREE/04_A2_CPU_1/05_A3_MicroSD/06_A3_USB2.0_Debug/07_A2_WI-FI/08_A3_MIC/09_A2_Ethernet/10_A2_HDMI,10,E:\STADY\EMBADDED_STADY\FPGA_PROJECT\DE0_NANO\WORK\GITHUB\SCHEMATIC\ALLWINNER_H3\LIB\LIB_H3.OLB, 418.25, 251.00
199,R78,1.8K,/02_A2_POWER/01_A3_Main_Block/03_A4_POWER_TREE/04_A2_CPU_1/05_A3_MicroSD/06_A3_USB2.0_Debug/07_A2_WI-FI/08_A3_MIC/09_A2_Ethernet/10_A2_HDMI,10,E:\STADY\EMBADDED_STADY\FPGA_PROJECT\DE0_NANO\WORK\GITHUB\SCHEMATIC\ALLWINNER_H3\LIB\LIB_H3.OLB, 443.00, 251.00
200,TR2,H1102NLT,/02_A2_POWER/01_A3_Main_Block/03_A4_POWER_TREE/04_A2_CPU_1/05_A3_MicroSD/06_A3_USB2.0_Debug/07_A2_WI-FI/08_A3_MIC/09_A2_Ethernet,1,E:\STADY\EMBADDED_STADY\FPGA_PROJECT\DE0_NANO\WORK\GITHUB\SCHEMATIC\ALLWINNER_H3\LIB\LIB_H3.OLB, 184.50, 71.25
201,VD1,1N5819HW-7-F,/02_A2_POWER,2,E:\STADY\EMBADDED_STADY\FPGA_PROJECT\DE0_NANO\WORK\GITHUB\SCHEMATIC\ALLWINER_H3\LIB\LIB_H3.OLB, 46.75, 46.75
202,VD2,SZYY0805YG,/02_A2_POWER,2,E:\STADY\EMBADDED_STADY\FPGA_PROJECT\DE0_NANO\WORK\GITHUB\SCHEMATIC\ALLWINER_H3\LIB\LIB_H3.OLB, 81.25, 98.50
203,VD3,1N5819HW-7-F,/02_A2_POWER/01_A3_Main_Block/03_A4_POWER_TREE/04_A2_CPU_1/05_A3_MicroSD,5,E:\STADY\EMBADDED_STADY\FPGA_PROJECT\DE0_NANO\WORK\GITHUB\SCHEMATIC\ALLWINNER_H3\LIB\LIB_H3.OLB, 263.25, 184.50
204,VD4,1N5819HW-7-F,/02_A2_POWER/01_A3_Main_Block/03_A4_POWER_TREE/04_A2_CPU_1/05_A3_MicroSD,5,E:\STADY\EMBADDED_STADY\FPGA_PROJECT\DE0_NANO\WORK\GITHUB\SCHEMATIC\ALLWINNER_H3\LIB\LIB_H3.OLB, 81.25, 184.50
205,VD6,SZYY0805YG,/02_A2_POWER/01_A3_Main_Block/03_A4_POWER_TREE/04_A2_CPU_1/05_A3_MicroSD/06_A3_USB2.0_Debug,6,E:\STADY\EMBADDED_STADY\FPGA_PROJECT\DE0_NANO\WORK\GITHUB\SCHEMATIC\ALLWINER_H3\LIB\LIB_H3.OLB, 152.50, 147.75
206,VD7,ESD5451X-2/TR,/02_A2_POWER/01_A3_Main_Block/03_A4_POWER_TREE/04_A2_CPU_1/05_A3_MicroSD/06_A3_USB2.0_Debug/07_A2_WI-FI/08_A3_MIC,8,E:\STADY\EMBADDED_STADY\FPGA_PROJECT\DE0_NANO\WORK\GITHUB\SCHEMATIC\ALLWINNER_H3\LIB\LIB_H3.OLB, 236.25, 201.75
207,VD8,ESD5451X-2/TR,/02_A2_POWER/01_A3_Main_Block/03_A4_POWER_TREE/04_A2_CPU_1/05_A3_MicroSD/06_A3_USB2.0_Debug/07_A2_WI-FI/08_A3_MIC,8,E:\STADY\EMBADDED_STADY\FPGA_PROJECT\DE0_NANO\WORK\GITHUB\SCHEMATIC\ALLWINNER_H3\LIB\LIB_H3.OLB, 260.75, 201.75
208,VD9,SZYY0805YG,/02_A2_POWER/01_A3_Main_Block/03_A4_POWER_TREE/04_A2_CPU_1/05_A3_MicroSD/06_A3_USB2.0_Debug/07_A2_WI-FI/08_A3_MIC/09_A2_Ethernet,1,E:\STADY\EMBADDED_STADY\FPGA_PROJECT\DE0_NANO\WORK\GITHUB\SCHEMATIC\ALLWINER_H3\LIB\LIB_H3.OLB, 214.00, 228.75
209,VD16,AZ1045-04F,/02_A2_POWER/01_A3_Main_Block/03_A4_POWER_TREE/04_A2_CPU_1/05_A3_MicroSD/06_A3_USB2.0_Debug/07_A2_WI-FI/08_A3_MIC/09_A2_Ethernet/10_A2_HDMI,10,E:\STADY\EMBADDED_STADY\FPGA_PROJECT\DE0_NANO\WORK\GITHUB\SCHEMATIC\ALLWINNER_H3\LIB\LIB_H3.OLB, 172.25, 54.25
210,VD17,AZ1045-04F,/02_A2_POWER/01_A3_Main_Block/03_A4_POWER_TREE/04_A2_CPU_1/05_A3_MicroSD/06_A3_USB2.0_Debug/07_A2_WI-FI/08_A3_MIC/09_A2_Ethernet/10_A2_HDMI,10,E:\STADY\EMBADDED_STADY\FPGA_PROJECT\DE0_NANO\WORK\GITHUB\SCHEMATIC\ALLWINNER_H3\LIB\LIB_H3.OLB, 172.25, 103.25
211,VD18,ESD5451X-2/TR,/02_A2_POWER/01_A3_Main_Block/03_A4_POWER_TREE/04_A2_CPU_1/05_A3_MicroSD/06_A3_USB2.0_Debug/07_A2_WI-FI/08_A3_MIC/09_A2_Ethernet/10_A2_HDMI,10,E:\STADY\EMBADDED_STADY\FPGA_PROJECT\DE0_NANO\WORK\GITHUB\SCHEMATIC\ALLWINNER_H3\LIB\LIB_H3.OLB, 258.25, 214.00
212,VD19,ESD5451X-2/TR,/02_A2_POWER/01_A3_Main_Block/03_A4_POWER_TREE/04_A2_CPU_1/05_A3_MicroSD/06_A3_USB2.0_Debug/07_A2_WI-FI/08_A3_MIC/09_A2_Ethernet/10_A2_HDMI,10,E:\STADY\EMBADDED_STADY\FPGA_PROJECT\DE0_NANO\WORK\GITHUB\SCHEMATIC\ALLWINNER_H3\LIB\LIB_H3.OLB, 288.00, 214.00
213,VD20,ESD5451X-2/TR,/02_A2_POWER/01_A3_Main_Block/03_A4_POWER_TREE/04_A2_CPU_1/05_A3_MicroSD/06_A3_USB2.0_Debug/07_A2_WI-FI/08_A3_MIC/09_A2_Ethernet/10_A2_HDMI,10,E:\STADY\EMBADDED_STADY\FPGA_PROJECT\DE0_NANO\WORK\GITHUB\SCHEMATIC\ALLWINNER_H3\LIB\LIB_H3.OLB, 317.50, 214.00
214,VD21,ESD5451X-2/TR,/02_A2_POWER/01_A3_Main_Block/03_A4_POWER_TREE/04_A2_CPU_1/05_A3_MicroSD/06_A3_USB2.0_Debug/07_A2_WI-FI/08_A3_MIC/09_A2_Ethernet/10_A2_HDMI,10,E:\STADY\EMBADDED_STADY\FPGA_PROJECT\DE0_NANO\WORK\GITHUB\SCHEMATIC\ALLWINNER_H3\LIB\LIB_H3.OLB, 347.00, 214.00
215,VD22,XBS104S14R-G,/02_A2_POWER/01_A3_Main_Block/03_A4_POWER_TREE/04_A2_CPU_1/05_A3_MicroSD/06_A3_USB2.0_Debug/07_A2_WI-FI/08_A3_MIC/09_A2_Ethernet/10_A2_HDMI,10,E:\STADY\EMBADDED_STADY\FPGA_PROJECT\DE0_NANO\WORK\GITHUB\SCHEMATIC\ALLWINNER_H3\LIB\LIB_H3.OLB, 376.50, 351.75
216,VD23,XBS104S14R-G,/02_A2_POWER/01_A3_Main_Block/03_A4_POWER_TREE/04_A2_CPU_1/05_A3_MicroSD/06_A3_USB2.0_Debug/07_A2_WI-FI/08_A3_MIC/09_A2_Ethernet/10_A2_HDMI,10,E:\STADY\EMBADDED_STADY\FPGA_PROJECT\DE0_NANO\WORK\GITHUB\SCHEMATIC\ALLWINNER_H3\LIB\LIB_H3.OLB, 226.50, 344.50
217,VT1,AO3423,/02_A2_POWER,2,E:\STADY\EMBADDED_STADY\FPGA_PROJECT\DE0_NANO\WORK\GITHUB\SCHEMATIC\ALLWINER_H3\LIB\LIB_H3.OLB, 438.00, 93.50
218,VT2,MMBT3904,/02_A2_POWER/01_A3_Main_Block/03_A4_POWER_TREE/04_A2_CPU_1/05_A3_MicroSD/06_A3_USB2.0_Debug,6,E:\STADY\EMBADDED_STADY\FPGA_PROJECT\DE0_NANO\WORK\GITHUB\SCHEMATIC\ALLWINNER_H3\LIB\LIB_H3.OLB, 142.75, 182.00
219,VT3,MMBT3904,/02_A2_POWER/01_A3_Main_Block/03_A4_POWER_TREE/04_A2_CPU_1/05_A3_MicroSD/06_A3_USB2.0_Debug/07_A2_WI-FI/08_A3_MIC/09_A2_Ethernet,1,E:\STADY\EMBADDED_STADY\FPGA_PROJECT\DE0_NANO\WORK\GITHUB\SCHEMATIC\ALLWINNER_H3\LIB\LIB_H3.OLB, 204.25, 263.25
220,ZQ1,7E24000E20UCG,/02_A2_POWER/01_A3_Main_Block/03_A4_POWER_TREE/04_A2_CPU_1/05_A3_MicroSD/06_A3_USB2.0_Debug/07_A2_WI-FI,7,E:\STADY\EMBADDED_STADY\FPGA_PROJECT\DE0_NANO\WORK\GITHUB\SCHEMATIC\ALLWINNER_H3\LIB\LIB_H3.OLB, 371.50, 270.75
